24910,Isiolo County Nursing Home,96
24909,Biqilla Medical,96
24905,Hope G Star Clinic,106
24903,Breetons Medical Centre,224
24906,Jalin Medical Centre,58
24901,Kiminju Health Services,214
24911,Iturai Medical Clinic,219
24899,Medibear Health Services,232
24904,Good Neighbour Clinic,286
24898,Lobur Mission Dispensary,170
24902,Phense  Medical Clinic,146
24897,Kapkeno Dispensary,191
24896,Lokornoi,176
24895,Letwa,176
24894,Mwoanda Medical Healthcare Clinic,139
24893,Samuli Dispensary,232
24892,Kangondi Dispensary,117
24891,Utooni Dispensary,117
24890,Ngengi Dispensary,123
24900,Kamugu Dispensary,113
24889,Ndigiria Dispensary,62
24888,Kilimani Childrens Clinic,322
24887,Ngecha Dispensary,220
24886,Wandalo Medical Clinic,192
24883,Royaleridah Medical Clinic,332
24882,Havilah Medical Centre,329
24881,Silverkid Utawala Healthcare,332
24880,Danid Care Services,287
24885,Masewani,123
24879,Ack St. Stephen'S Ralak Medical Clinic,279
24878,Access Afya Mathare,337
24877,Villa Medical Centre,337
24876,Maximed Kithaku Medical Clinic,105
24875,Ng'Oli Community,266
24874,Mosonik Dispensary,245
24873,Chongenwo Dispensary,245
24872,Kitala Dispensary,245
24871,Abishag Medical Clinic,139
24870,Mayan Lifestyle Medical Center,164
24869,Kojabdar Medical Clinic,54
24868,Oasis Doctors Plaza Kakamega,249
24908,Star Heal Medical Clinic,306
24866,Nyamase Medical Centre,306
24865,Hope Worldwide Kenya Embu Dice,110
24907,Remba Royal Medical Clinic,298
24864,Duke Healthcare,155
24863,St Patrick Clinic Kmma (Caiths),298
24862,Morwong'Ar Dispensary,178
24861,Ombolion Dispensary,178
24860,Riverside Medicare Centre,165
24857,Emaiyian Central Medical Services,215
24856,Giikiro Dispensary,112
24858,Morwebong Dispensary,178
24854,Sirwach Dispensary,178
24859,Karameri Dispensary,178
14004,Our Lady Of Lourdes Dispensary (Gucha),312
24867,Omulo Dispensary,304
24849,Kibagare Medical Clinic,321
24848,Mtembur,176
24846,Pamisa Health Care  Centre,272
24844,Kamelei Dispensary,179
24842,Benjavan Medical Clinic,179
24841,Chepkorniswo Dispensary,179
24843,Sebit Dispensary,179
24839,Chepukat Dispensary,179
24838,Kerelwa Dispensary,179
24840,Mogumo Medical Centre (Nyamira),318
24837,Mc Finely Clinic 3,329
24836,Victory Medical Center,333
24835,Kibingo Medical Clinic,230
24834,Levvicas Medical Clinic,58
24847,Wilson Aketch,96
24832,Olmerrui Dispensary,232
24831,Wellen Medical Services,232
24829,Mariakani Cottage Hospital,275
24830,Golden Heart Hospital,298
24828,Rfh Specialist Hospital,327
24827,Kings Care Medical Limited,110
24825,The Gyno Solutions Center Limited,164
24824,Jobefar Medical Centre,287
24826,Embu Tumaini Medical Services,110
24833,Anams Plus Dental Services,161
24823,Lighthouse Hospital And Rehabilitation Centre,193
24821,Monteri  Medical Clinic,251
24822,Spring Heritage Nursing Home,160
24820,Rachar Dispensary,295
24818,Teens Watch (Fsw) Centre,54
24817,Peter Plumb Harmony Medical Clinic,285
24816,The Nairobi Women'S Hospital (Meru),103
24815,Medistar Annex Kericho Ltd,237
21220,Anza Mapema Clinic,287
21487,Migere Health Centre,290
24819,Kosia Dispensary,242
24808,Kemera Medical Clinic,317
24807,St Catherene Special School (Butula),276
21534,Rayudhi Dispensary,297
24850,St Mary'S Desimoah Nursing Home,281
21610,Ojunge Health Centre,296
21482,Rakwaro Dispensary,294
24855,Boensummit Medical Clinic,218
24814,Phlamingo Healthcare Limited,185
24800,Bliss Health Care,316
24853,Kelani Medical Clinic,250
24797,Kinungi Medical Centre(Naivasha),215
24796,Oracle Healthcare Ltd,237
24795,Gilead Family Hospital,165
24794,People'S Park Dispensary(Machakos),128
24804,Sosiot Prime Health Care,239
24793,Enockhan Hospital,302
24791,Riverdale Medical Centre,322
24792,Chebongi Dispensary,241
24789,Cefi Nursing Home,333
24787,Kanuni Medical Clinic,98
24781,Afrismart Group Of Hospitals Ltd,329
24809,Cephas Medical Centre,106
24810,Mt Camel Medical  Clinic,106
24778,Trust Opticians Limited,336
24777,Fair Rongai Dic,220
24779,Agakhan Medical Clinic,73
24786,Sadik Med Care,282
24785,Maryrosa Health,282
24772,Chanf Community& Family Health Services,232
24773,Joan Medical Clinic,247
24770,Relyne Medical Centre,300
24769,Kocholla  Medical Centre,293
24775,Riochanda Nursing Home,318
24774,Kocholla Medical Clinic (Duplicate),293
24784,Relyne Medical Centre,300
24851,Ayada Beach Medical Clinic,283
24788,Ungoe Community Medical And Dental Clinc,305
24768,Jass Medical Clinic,336
24767,Alimax Medical Clinic,147
24762,Nairobi Womens Hospital,53
24780,Waradey,84
24759,Home Medical Clinic,163
24757,Goshen Health Services,163
24771,L J Malel Medical Centre Limited,196
24756,Bonitas Medical Centre,163
24755,Outreach Medical Centre,163
24754,Zuhri Medicare,143
24764,Reminant Digital Clinic,259
24758,The Aroma Medical Centre,163
24763,Beehive Medical Services,94
24783,Kind Med Clinic,155
24751,Kalalani Dispensary,57
24750,Kinyaiti Dispensary,142
24749,Safewest Life Medical Centre,164
24753,Heshima Medical Clinic,163
24752,Britesmile Family Care,163
24748,Qarsa,84
24760,Qarsa Jukala,84
24761,Masalale,84
24747,Kisumu Dental Centre,287
24745,Rabel Dispensary,284
24746,Omia Diere,284
24744,The Karen Hospital Thika Branch,161
24743,St Francis Catholic Dispensary-Gatina,322
24740,Eclipse Medical Clinic,146
24738,Shamah Medical Clinic,329
24739,New Hope Medical Clinic,143
24742,Smile Dental Centre,63
24741,Afya Diabetic Support Centre,167
24790,St Annisia Medical Center,331
24803,Jemo Medical Center,320
22177,Tuvila Dispensary,121
24736,Mesilya Dispensary,121
24737,St Magdaline Kiamikuyu Dispensary,147
24734,Cool Smile Dental Clinic,232
24733,Kitengela West Hospital,232
24732,Tiriki Community Medical Centre,260
24727,Caljen Medical Clinic,259
24728,Jolynn Dental Clinic,232
24726,Cairren And Dalkim Health Care,211
24884,Ebwiranyi Dispensary,261
24729,Nissi Medical Centre,289
24725,Kiritu Rescue Medical Centre,259
24782,Aga Khan Health Service,226
24723,Wama Medical Clinic,143
24724,Living Room International,191
24721,Kisumu Comprehensive Medical Centre,287
24719,Angata Rongai Dispensary Suguta Marmar,180
24802,Eturungi Dispensary,320
24718,Good News Medical Centre,244
24717,Ngara Medical Complex,336
24765,Thiba Dam Dispensary,148
24799,Glosa Medical Centre,185
24716,Menduki Medical Services- Ngangarithi,146
24713,Firstcare Medical Clinic,151
24712,Kangema Fortune Medical Clinic,151
24730,Leezin Medical Clinic,246
24711,Litunya Medical Clinic,246
24714,Muthoni Medical Clinic,143
24720,Lmisigiyoi Dispensary,180
24710,Nkorika Dispensary,181
24709,Caremax Health Ltd,127
24708,Masala Healthcare Services Ltd,287
24707,Tora Dental Clinic,287
24704,Promise Medical Clinic,101
24706,Mt.Elgon Samaritan Clinic,108
24702,Naisul Medical Center,211
24700,New Era Medical,316
24701,Silwan Fountain Treatment & Recovery Centre,326
24697,Silwan Fountain Treatment Recovery Centre,326
24696,The Fork Hospital (K)Ltd,127
24695,Muruka Modern Healthcare Limited,156
24694,Legacy Family Health Option,243
24692,Teganda Dispensary,244
24698,Hope Worldwide Kenya(Mathare -Utalii),328
24699,Centres For Community Health Care Access,328
24689,Darusalaam Hospital,74
24688,Nauneri Dispensary,180
24766,Premiercare Diagnostics Loitokitok,234
24691,Gionseri Sda Dispensary,311
24690,Eldo Eye Health Services,200
24687,Haven Medical Centre,164
24722,Nassi Hospitals,277
24684,Limuru Valleymed Diagonistic Centre,168
24682,Jawabu Medical Centre,271
24683,Limuru X- Ray And  Medical Centre,168
24681,Asumbi Girls Medical Clinic,295
24680,Mediscan Diagnostic Centre,161
24679,Bucerp Medical Clinic,161
24678,Floraz Medical Centre,230
24675,Advent Medical And Meternity Center,220
24674,Osure Dispensary,279
24676,Neera Dental Centre,244
24685,Jab Medical Center (Kenyenya),310
24672,St. James Health Centre-Kangemi,321
24693,Nerry Community Medical Services,246
24669,Apex Specialist And Diagnostic Centre,161
21474,Kemri Mtwapa,59
24671,Vihiga Private General And Marternity Hospital,259
24667,Curafa Medical Clinic,126
24666,Chaliana Medical Centre,50
24673,Grays  Medical Centre,285
24665,Getrudes Childrens Hospital,161
24663,Nomad Dental Clinic,161
24776,Mwakera Voi Medical Clinic,73
24686,Eshibembe Healthcentre,254
24664,St Maxwell Medical Centre,57
24658,The Wilkista Memorial Hospital,232
24657,Teemgee Medical Centre,232
24654,Blue Ridge Medical-Thika,161
24656,Juja Medical Clinic,160
24652,Yimbo Medical Centre,329
24655,Luthealth Clinical Services,233
24653,Medibarron Health Care,329
24651,Transami Medical Centre2,332
24650,Nyarangi Medical Centre,306
24649,Pointnc Medical Clinic,321
24648,Nyabohanse Medical Centre,306
24646,Nomad Dental Centre Nakuru,223
24645,Stirling Health Care Consultants Nakuru,223
24644,Kamusinde Dispensary,270
24643,Saljohns Medical Clinic,223
24677,Ub Africa,230
24647,Straight Up Medical Clinic,229
24661,Falcon Medical Centre,127
24705,Lee Lahm Medical Centre,283
24659,Stanley Health Services,133
24715,Dawa Medical Clinic,88
24641,Parkyard Medical Centre,48
24662,Ngwata Rural Medical Clinic,127
24642,Eldo Eye Center Limited,191
24634,Daily Care Medical Centre,114
24635,Westwood Health Care,142
24632,Section 58 Cottage Hospital,223
24631,Mc Finely Healthcare2,329
24630,Wells Womens Hospital Limited,332
24636,Wells Women Hospital Limited,332
24629,Kambara Medical Clinic,152
24628,Kairo Good Shepherd,152
24627,Matriz Medical Clinic,152
24670,Sankale Clarence H Ealth Centre,226
24626,Mununga Dispensary(Naivasha),215
24625,Mellisa Medical Centre,222
24637,Ololoita Medical Clinic,233
24621,B.A.T  Company Clinic,161
24620,Wajir Maternity And Nursing Home,81
24638,Eldoret Huduma Centre,188
24619,Kvm Company Clinic,161
24614,Medlife Health Care,149
24613,Afya Lite Medical Clinic,149
24612,Fortress Medical Centre,149
24639,Rapha Hospital And Clinics,193
24610,Jerriot Dispensary,74
24609,Lera Medical Clinic,305
24607,Malaa Destiny Medical Clinic,125
24606,Medileads Laboratories &Clinic,287
24605,Kiwakan Dispensary,177
24604,Royal Dental Clinic,296
24603,Aloete Disp,272
24602,Gathanje Medical Clinic,163
24640,Juwfiah,309
24601,N Eastleigh Dispensary And Laboratory,335
24597,Jemindas Nursing Home Limited,321
24595,Neboi Nursing Home,90
24594,Open Doors Medical Clinic,167
24593,St. Raphael Orthodox Dispensary,167
24592,Ranalo Medical Imaging Centre,223
24591,Macho Medical Clinic,102
24589,St. John Medical Centre,223
24587,Bristol Park Hospital Fedha,332
24596,Amkeni Malindi (Dic),63
24584,Isiolo Vision Centre,96
24623,Chemosit Dispensary,245
24585,Satima Medical Clinic,155
24624,Koruma Dispensary,245
24583,Trust Doctors Centre Mwananchi,48
24581,Rimpa Medical Clinic,230
24580,Texas Medical Centre,162
24578,Tom Mboya University,296
24577,Afyamax Medical Clinic,103
24598,Jigjiga,84
24575,Arabia Nursing Home,90
24574,St.Jude Medicare Ndumberi,164
24573,Elephant Dental,161
24572,Lymosa Medical Centre,164
24622,Hwwk Maua Dice,98
24608,Rays Medicare,150
24571,Maroatora Nursing Home,307
24570,Bangladesh Community Medical Clinic,49
24567,Kibereke Medical Clinic,156
24566,Bucrep Medical Clinic,163
24563,Nairobi Adventist Hospital,321
24562,Kakumuti Medical Clinic,117
24565,Tamboiyo Dispensary,201
24569,Juja Farm Medical Centre,160
24560,Monasco Medical Centre,326
24561,Milele Dental Care Medical Centre,328
24568,Alpo Medical Centre,289
24557,St Monica Community Dispensary.,232
24599,Elyunis,82
24600,Majabow Dispensary,82
24556,Kobadadi,86
24555,Brunswick Medical Centre,161
24554,Jogooo H/C,81
24553,Blessed To Bless Medical Clinic,332
24552,Hope Worldwide Kenya Kiambiu Site,335
24558,Chepyagoris Dispensary,203
24551,Eye Tech Medical Center,90
24588,Kamamut Dispensary,203
24559,Kapnyarwat Dispensary,203
24550,Samitui Dispensary,199
21526,Mlungunipa Dispensary,54
24633,Elisheva Medical Clinic,216
24548,Maryhill Medical Centre,139
24576,Community Aphalink Medical Centre,292
24617,Focus Clinical And Diagnostic Centre-Soko Branch,150
24547,Maiyan Medical Centre Ltd,232
24564,Mwembeni Medical Centre,61
24543,Houghton Medical Centre Next Gen South C,324
24542,Aar Healthcare (K) Limited South C,324
24541,Oasis Health Sirare Medical Centre,306
24540,Alphabliss Healthcare Clinic(Naivasha),215
24545,Imani Medical Clinic (Limuru),168
24539,Afya Kabel Medigal Clinic,207
24546,Odyssey Opticians Ltd,232
24538,Dagahley Medical Clinic,77
24537,St Jamed Opticals Health Services,296
24582,Jamixy Medical Clinic,317
24536,Little Rock Childrens Clinic,332
24535,Dalma Mukuru Medical Clinic,329
24534,Zidkijah Medical Center,300
24533,Kongoni Medical Center(Naivasha),215
24532,Mission Of Hope International Medical Clinic,336
24531,Mama Gutha Medical Clinic,81
24529,Zawena Treatment Centre,165
24528,Aga Khan University Hospital Clinic,326
24527,Kahawa West Family Medical Centre,326
24526,Equator Medical And Nutrition Centre,326
24586,Bacioina Na Baciethe,102
24525,Emmanuel Medical And Eye Clinic,125
24524,Koki Medical Clinic,331
24523,Chasmile Medical Clinic,331
24522,Utabibu Medical Clinic,333
24516,Kayole Outpatient Clinics,331
24515,Oldonyorok Dispensary,224
24517,Raycos Health Centre,51
24514,Ronro Eye Care Centre,161
24518,Roston Medical Clinic,238
24513,Satewa Dispensary,213
24512,Euphrates Medical Clinic,161
24510,Minnesota Medicare,316
24509,Unimax Medical Clinic,163
24508,Glemax Medical Clinic,163
24507,Tumaini Medical Clinic Tsangatsini,60
24506,Montery Medical Hospital,254
24505,Al-Safa Health Care Clinic,74
24504,St James Amenity Hospitals,254
24503,The Marions Health Care,329
24521,St James Amenity Hospitals,254
24519,Translab Medical Clinic,333
24520,Silent Hill Medical,333
24501,Nephrology And Hypertension Associates Ltd,287
24495,Al-Aqsaa Maternity Hospital,53
24496,Kimwanga,266
24497,Al Aqsaa Maternity Hospital,53
24498,Namgoi Medicare Clinic,202
24493,Maisha Bora Medicare,156
24492,Kory  Family  Hospital (Chwele),265
24499,Uzuri Medical Clinic,172
24491,Lorenziino Dispensary,218
24490,Cheruse Afya,218
24489,Stima Afya Clinic Limited,321
24500,Bizet Medical Clinic,329
24488,Radiant Group Of Hospitals Kasarani Sportsview,327
24487,Global Homecare Limited Medical Centre,265
24486,Maendeleo Medical Clinic,210
24485,St.Anne'S  Mission Medical Centre,322
24483,Care And Cure Hospital,316
24484,Athi Complex Galaxy Hospital,232
24482,Dr S.N.Karau & Associates Clinic,321
24481,Hope For Widows And Children Foundation(Town Clinic),287
24615,Sonokwek Dispensary,244
24502,Bomet Medical And Diagnostic Centre,242
24479,Pearl  M C,210
24494,Huruma Medical Clinic - Koma,125
24478,Nashad Nursing Home,90
24476,Heartford Medical Centre,103
24611,Kangundo Loyalty Medical Laboratory,124
24477,Diamond Nursing Home Limited,86
24467,Muhindi Medical Clinic,139
24466,Baraka Community Med Centre,162
24465,Oasis Medical Clinic-Kibwezi,134
24464,Eastend Medical Clinic,101
24463,Kogoya Medical Clinic,293
24462,Firenze Nursing Home,162
24460,St George Medical Centre,162
24458,St. Nicola D'Onofrio Health Care,58
24468,Eastend Medical Clinic,101
24456,Primepharm Medical Centre,143
24455,M H C L,86
24469,Zilphat Medical Clinic,304
24451,Sabatia Eye Hospital Kisumu Clinic,287
24470,Cheldeb Medical Clinic,249
24450,Frontline Medical Consultants Limited,322
24449,Dr Lang'O Medical Clinic,322
24471,King David Medical Clinic,244
24452,Golgotha Medical Centre,122
24448,Ntimaru Milimani Health Clinic,307
24447,Hunter Medical Center,111
24453,Kipsero Dispensary,195
24461,St. Andrews Medical Clinic,271
24446,Meah Clinical And Laboratory Services,161
24472,Medicy Hospital Care Limited,86
24473,Maendeleo Mc,210
24474,Pearl Medical Centre,210
24445,Nturiri Health Care,107
24444,Mwimu Med Clinic,107
24454,Toror  Medical Clinic,176
24443,Alfaroox  Medical Center,53
24442,Nyanza Royal Family Hospital,291
24441,St. Peters Optical And Dental Out Patient Services,133
24440,Medirel Medical Centre,287
24439,Gilgil Healthcare Medical Centre,216
24438,Aries Clinic Ltd,316
24416,Sten Intergrated Medical Clinic,99
24618,Dice Icl  Bomet,244
24406,Freedom Of Life Medical Clinic,101
24405,Hosfar Medical Centre,101
24396,Maasai Community Hope Medical Centre,224
24395,Grandmed Hospital,279
24397,Danlink Health Care,98
24430,Favoured  Medical Clinic,221
24544,Tumaini Medical Center,164
24399,Park Clinic,286
24417,Medecens Du Monde,323
24400,Amani Medical Clinic,286
24401,Dawamea,286
24418,Alfaroox Medical Centre,53
24419,Sir Osteen Medical Clinic,213
24393,Mustaqiim Nursing Home,90
24408,Kag Moyale Mission Clinic,92
24420,Oasis Health Services,164
24394,Kathuma Dispensary-Kitui West,117
24409,Naramat Medical & Dental Clinic -Nakuru,222
24660,Unisante Medical Clinic,142
24421,Amoyo Healthcare Medical Clinic,283
24390,Proactive Dental Centre,161
24389,Muraya,216
24426,Zuri Medical Clinic,156
24425,Karia Catholic Dispensary,150
24411,Kijanaheri Medical Marafa,64
24424,Pielistar,104
24423,Penda Medical Center- Kayole,331
24422,Tegemeo Ent Medical Centre,316
24432,Busia Medical Specialist And Diagnostic Centre,273
24431,Holsoms Annex Medical C Entre,317
24579,Glory Medical Clinic Mogotio,208
24387,Dawamed Medical Clinic(Kondele),287
24388,Home Pearl Medical Clinic,279
24386,Gakwegori Cottage Nursing Home,110
24385,Ausmudule Dispensary,82
24428,St Camillus Health Centre,158
24427,Maisha Poa,158
24402,The Garden Of Siloam Medical Clinic,165
24398,Chalbeat Medical Centre,285
24384,Armofron Medical Centre,306
24433,Queens And Kings,148
24434,Iten Healthcare Services,196
24404,Eureka -Miathene,101
24429,Sikotia Medical Centre(Kaptama),263
24382,Karai Muslim Dispensary,167
24381,Kerwa Dispensary,167
24435,Three Bells Medical Center,333
24380,Gateway Diagnosis And Health Care Limited,171
24436,Kiambogo Dispensary,104
24403,Iom Migration Health Assessment Centre,321
24410,City Point Medical Centre,335
24383,Neocare,314
24378,Tumaini Brighten Medical Centre,112
24377,Ngurubani Medical Services -Gategi,112
24379,Wonder Peace Medical Centre,160
24415,Naiperere Dispensary,212
24376,Mama Karen Medical Care Clinic - Kiritiri,112
24375,Mama Karen Medical Care Clinic - Muraru,112
24374,Fairview Nursing Home Kware,329
24412,St.James Medical Clinic,125
24414,New Nakuruto Medical Clinic,70
24372,Oasis Clinic,232
24371,Amity Family Medical Clinic,232
24370,Cuatro Curafa Clinic,232
24413,Taveta Drop In Centre,70
24368,St Jude Medical Care,113
24367,Mwihoko Modern Medical Centre,162
24437,Maryland Medical Centre,316
24480,Maaruf Med,81
24845,Digital Medical Clinic,128
24363,Marikano Dispensary,63
24362,Mutune Dispensary(Gok),119
24361,Dr .L.N.Gachare,322
24360,One Health Limited,322
24392,Kipsigis Medical Clinic (Litein),238
24407,Green Wood Cottage Community Hospital,104
24373,Mother Flora Medical Centre.,303
24364,Basenath Health Services,147
24365,Gracimed Healthcare,147
24357,Orthopaedic Rongai Medical Clinic,230
24459,Mecasol Clinic,104
24356,Suswa Medical Clinic,233
24354,Emormor Clinic,272
24353,Medical Promise Clinic,119
24351,Kojwach Medical Centre,293
24350,Makutano Berur Medical Services,176
24457,Tumaini Children'S Medical Clinic,143
24349,Gitui Catholic Dispensary,153
24348,Milestone Medical Centre,316
24369,Zap Health Care Solution Clinic-Ugunja,280
24347,Alexandria General Hospital,201
24355,Imani Medical Clinic,153
24346,Malaha Medical Clinic,252
24345,Rae Clinic(Rehabilitation And Arid Environments),207
24344,Ted Rayner Memorial Clinic,293
24343,Katani Hospital,127
24342,Komarock Healthcare-Kathwana,108
24341,Migingo Island Clinic,305
24340,Kone Dispensary,65
24358,Sukela Tinfi Dispensary,88
24339,Murang'A Dice,155
24337,Kiganjo Prime Precious Clinic,161
24336,Valley Harvest Clinic & Maternity Centre,257
24590,Ack Emmanuel Mission Hospital,167
24334,Africare Dialysis Centre,155
24333,Kerio Hospital-Kabarnet Clinic,206
24359,Paramount Medical And Eye Clinic,89
24332,Mayu Medical Centre,155
24330,Seria Dispensary,210
24331,Qumbiso Dispensary,90
24329,Bolowle Diapensary,86
24328,Camel Hospital,81
24327,Scoc,48
24326,Iftin Nursing Home,74
24325,Medexpress Clinics,223
24324,Nemaiyan Medical Clinic,234
24323,Barbarchun Dispensary,205
24322,Generation Afya  Centre,207
24321,Sportlight Medical Clinic,210
24320,Afya Nafuu Clinic,233
24319,Serenity Medical Centre(Machakos),128
24318,Zambezi Hospital - Juja Clinic,160
24317,Nightingale Medical Centre-Milimani,287
24338,Zion Medical Clinic Suguta,180
24316,Benec Medical Clinic,286
24315,Kiunduani Medical Clinic,134
24475,The Harc Medical Centre,139
24391,Kamoingon Dispensary,196
24314,Kapsoni Dispensary,190
24312,Zion Ahadi Medical Centre,254
24311,Perkerra Clinic,207
24310,Kiio Dispensary,115
24309,Mamellah Clinic And Laboratory,186
24308,Santuary Rains Medical Centre-Kangemi,321
24307,Joygabs Medical Clinic,242
24306,Chebunyo Medical Clinic,242
24305,St Christopher Dama Community Clinic,288
24302,Kiunduani Medical Centre,134
24303,Down Town Medical Clinic,292
24301,Annointed Hands Clinic,257
24304,Westland  Koyonzo Medicare Clinic,253
24300,Isaiah Douglas Medical Centre,166
24798,Intergrity,231
24299,Zion Medical Centre Bungoma,267
24297,Ovi Children' Hospital,302
24296,Arabuko Medical Clinic,58
24295,Kamunyaka Dispensary,159
24294,Kaibere Dispensary,159
24293,Macheo Childrens Centre,161
24292,Citamed Family Health Clinic,161
24291,Starehe Healthcare Limited,335
24289,Heshima Dundori,221
24290,Romieva Medical Clinic,309
24288,Sololo Nursing Home Limited,92
24287,Mabera Maternity & Nu,306
24286,Medforce Medical Centre,302
24285,St. Nkiria Medical Centre,306
24284,Latest Medical Center,104
24530,Krcs Lamu Rehabilitation Centre(Hindi),69
24283,Elevated Medical,162
24282,Got Orango Dispensary,305
24281,Shammah Nursing Home,147
24280,Baspen Syokimau  Cottage Hospital,127
24279,Kings Nursing & Maternity Home,303
24278,Baby Blessing Medical Services,332
24275,St. Lawrence  Medical  Centre,146
24272,Mowlem Health Center,333
24270,Baldo Ippolita,329
24271,Joints Care Centre-Orthopaedic Limited,150
24269,Vision Medical Centre,150
24274,Faith Annex Optical Centre(Kitui),119
24268,Fayya Nursing Home,92
24267,Sare Family Medical Centre,301
24266,Dadach Kambi Dispensary,94
24265,Kubi Bagasa Dispensary,94
24276,Yedu Mbale Medical Clinic,71
24264,Gituamba Dispensary,157
24262,Mabesheni Dispensary,57
24260,Eapc Ruungu Dispensary,109
24261,Sachangwan Highway Medical Centre,213
24259,St Philip Neri Clinic,127
24257,Ematsuli Community Medical Clinic,262
24256,Huduma Bora Medical Clinic,72
24255,Shamaal Hospital,90
24253,Tabaka Satelite Clinic,308
24252,Sydo Plus Healthcare,294
24250,Marere Medical Centre Kinango,57
24251,Sapta,331
24254,Lobe Medical Clinic,293
24249,Nabiswa Dispensary,186
24248,Huruma Cfw Clinic,112
24247,Bliss Gvs Health Care Ltd Kakamega,249
24246,Syomunyu Dispensary,119
24245,Thika Dental Centre,161
24244,Thika Eye Clinic,161
24243,Burhan Nursing Home,336
24242,The Dawameds Hospital,267
24241,Planar Imaging Centre,275
24240,Kaprech Dispensary,176
24239,Alfowz Nursing Home,90
24238,Morry Medical Clinic,327
24237,Hawi Family Hospital,292
24236,Kiimani Dispensary,121
24234,Tudor Health Care (Suba),299
24233,Waso Sub-County Hospital,182
24232,Syomakanda Dispensary,119
24231,Masaani Dispensary(Kitui),118
24235,Wima Hospital,307
24230,Kamuungu Dispensary,120
24229,Kisiuni Dispensary,120
24228,Kanduti Dispensary,120
24227,Kaiviria Dispensary,114
24226,Greatmed Medical Centre,167
24225,Sanoptics Eye Care,180
24224,Bliss Health Care Maralal,180
24223,Musdafa Ideal.Chemist,85
24222,Xilva Medical Clinic,167
24221,Getende Nursing Home,307
24219,Knbts Busia Setllite,275
24220,Migori County Blood Satelite,302
24218,Rema Medical Services-Mathare North,328
24217,Safiways Health Care,328
24216,Home Grown Medical Center,285
24215,Kisii Dental Centre,316
24214,Abdallah & Associates Dental And Implant Centre,336
24213,New Hope,316
24211,Timau Farmers Dispensary,212
24263,Focus Health Care Services,162
24210,Athi Dispensary (Kitui South),121
24208,Kyamboo Dispensary,115
24207,Wikivuvwa Dispensary,115
24206,Itumbi Dispensary,115
24205,Kwa Musya,114
24204,Siveta Dispensary,114
24203,Naj Hospital Ltd.,149
24202,The Labib Hospital,335
24212,Pryme Dental Clinic Lmt,316
24200,Lvct Health-Manyatta Dice,287
24209,Kaloleni Gk Prison Dispensary,60
24199,Berur Healthcare Services,49
24198,Plaza Medical Centre(Kahawa West),326
24197,Alluc Medical Centre,288
24194,Kumpa Community Clinic,231
24193,Meek Healthcare Centre,112
24195,Uptown Medico Services,94
24192,Thiba Dispensary,112
24352,Sagitarix Ltd Medical Centre (Bungoma),265
24191,The Shepherd Medical Centre,146
24189,Neocare Specialist Hospital,312
24188,Joylite Health Care,127
24187,St Matthew'S Medical Centre,127
24731,Oasis Doctors Plaza Kisii,316
24186,Kitivo Dispensary,131
24185,Nyambaso Maternity &Nursing Home,317
24184,Valley View Dental And Implant Centre,321
24183,Kin Medical Centre,166
24181,Faith Annex Optical Centre,116
24178,International Optica Mombasa,53
24177,Samburu Doctors Plaza- Sololo,92
24176,Nzambia Dispensary,119
24175,Mathcare Medical Clinic,62
24174,Rfh Health Care Ltf-Embakasi Medical Clinic,332
24173,Nairobi Women Hospital - Nakuru Cbd,223
24172,Tophill Hospital Eldoret,193
24171,Neema Hospital Ltd. Annex,119
24170,Watiti Dispensary,80
24182,Municipal Eldoret Innoculation Clinic,188
24169,Imani Makongeni Medical Clinic,161
24168,St Martins Clinic,161
24167,Kenya Kazi Services,321
24166,Telesgaye Dispensary,93
24165,Tudor Health Care - Likoni,52
24164,Tudor Healthcare- Kwale,54
24161,Muitik Medical Clinic,217
24159,Kariguini Dispensary(Tetu),141
24158,Saigut Medical Clinic,211
24157,Garissa Nursing Home Annex,74
24160,Tudor Healthcare- Kwale 2,54
24156,Marubel Nursing Home,205
24162,Matooni Dispensary,114
24154,Ama Dispensary,94
24155,Katuluni Dispensary,116
24153,Light House Medical Centre,49
24152,Larine Medical Clinic,220
24151,Visiongate Eye Care,281
24150,Thika Nursing  Hospital,161
24149,Mogonga Medical And Diagnostic Centre,310
24273,Raila Bz Community Clinic,324
24148,Gleashay Medical Clinic,291
24147,Royal Gardens Hospital Kakamega,249
24145,Cybra Ngome Medical Centre,60
24144,Jamii Health Clinic,333
24143,Tenwek Hospital Annex-Bomet,242
24146,Elbur Jordan Health Care,213
24142,Saptet Dispensary,228
24141,Ganjoni Hospital,53
24140,Leshwa Medical Centre(Naivasha),215
24190,Siha Medical Home Limited(Mpeketoni),69
24138,Tunzanani Dispensary,59
24137,Mtwapa Dispensary,59
24136,Mwembe Kati Dispensary,59
24134,Kwajuaje Dispensary,61
24133,Chiferi Dispensary,61
24135,Kanyumbuni Dispensary,61
24132,Gracehway Medical Clinic,187
24131,Milalani Dispensary,60
24130,Bandari Dispensary,62
24129,Visiongate Eye Care Consultant-Busia,275
24128,Miatsani Dispensary,56
24127,Mikiriani Dispensary,60
24126,Tudor Healthcare Kisauni,50
24124,Alcar Eye Clinic,223
24123,Nyali Healthcare Ltd Bamburi,51
24122,Tudor Healthcare,51
24121,Katsifitseni Dispensary,64
24119,Kavunyalalo Dispensary,64
24118,Mrima Wa Ndege Dispensary,62
24117,Shirango Dispensary,62
24120,Bore Imani Dispensary,64
24112,Joyellen Women Hospital,222
24111,Mbuluni Dispensary,57
24110,Guconet Medical Centre,317
24107,New Mugoiri Medical Centre,153
24105,Kahatia Well'S Medical Centre,153
24106,Holo Kadawa Community Clinic,288
24103,Erick Mokua Eye Clinic,316
24100,Murera Medical Centre,160
24095,Kaporowo Dispensary,179
24094,Dol Kodera Health Centre,292
24090,Noor Eyecare,321
24087,Tipet Dispensary,176
24084,Darweed Dispensaryjavascript:Void(0),86
24083,Fassal,52
24085,Wellmuck Medical Centre,143
24082,Diani Beach Hospital,52
24093,Adora Children'S Clinic,232
24079,Chest & Skin Clinic Ishiara,113
24080,Keflo Medical Clinic,232
24078,Tiriken Dispensary,179
24104,Kisii Medical Diagnostic And Imaging Clinic,316
24077,Dr. Ayoma Ojwang Memoral Clinic,298
24196,Joy Medical Clinic - Kangundo,124
24074,Sunna Health Care Dental Services,74
24073,Jesse Kay Children Hospital,326
24075,Tamarukwo Dispensary,176
24097,Emboasis Dispensary,176
24069,Karantini Dispensary,317
24067,Emenyenche Dispensary,317
24066,Kambini Dispensary,317
24068,Nyagacho Dispensary,320
24063,Winaco Medical Centre (Industrial Area),324
24366,Bozongo Medical Clinic,316
24060,Joytops Medicare,161
24057,Harley Street Fertility Centre Kenya Ltd.,321
24056,Akram Medical Center Ltd,86
24055,Royal Cns,141
24054,Community Medical Clinic,141
24053,Wanyororo B,221
24703,Hope Clinic (Kwale),56
24051,Meru Family Medical Centre,103
24047,Wamunyu Healthcare Services,129
24035,Antaliya Hospital,74
24034,St. Mary,166
24042,Nyandarua South Beyond Zero,136
24064,Nyaguda Medical Centre,291
24033,Holy Care Medical Centre,265
24031,Mvoi Medical Clinic,73
24030,Genus Ruiru Family Hospital,162
24050,Bethel Family Medical Centre,103
24088,Sgima,148
24028,Chachabole Dispensary,89
24024,Le Cheile Health Clinic,219
24023,Florenza Ltd Medical Clinic,219
24025,Kapsirowa Dispensary,187
24019,Kamila Gok Dispensary,178
24018,Gramy Medical Clinic,287
24017,Kanyikeny Dispensary,178
24016,Melrose Arc Hospital,289
24015,Imanga Dispensary,276
24012,Nyamokenye Dispensary,318
24009,Bliss Gvs Healthcare Ltd (Naivasha),215
24008,Abigael Health Care Centre,193
24007,Dunton Medical Care Centre,270
24006,Kamwanda Medical Clinic,289
24335,Nice Veew,283
24004,Misanga Dispensary,183
24000,Rainforest Farmland Clinic,215
23999,Nairobi Women Hospital(Naivasha Branch),215
24179,International Optica Lamu,69
23998,Kinamba Dental Services And Care(Naivasha),215
24020,Space Care Medical Centre,216
23997,Bigson Health Services,127
24061,Muuru Dispensary,99
23995,Hosana Health Services,146
24201,Thuti Medical Clinic-Kieni East,142
23993,Hoymas Medical Clinic,146
23994,Rubys Community Health Services Medical Centre,257
23992,Kwa Murimi,98
23987,Kulal Medical Clinic,101
23986,Akithi Medical Centre,101
24081,Bliss Gvs  Health Care Githurai,162
23989,St.Christine Medical Centre-Kakamega,249
23982,Pagoals Paeds Medical Clinic,146
23981,Kihara Child And Family Medical Centre,165
24258,Kimana Omega Eye And  Medical Clinic,234
23980,Nalondo Dispensary,263
23979,Bliss Gvs Healthcare Ltd Kapenguria,176
23978,Eeastvalley Nursing Home(Naivasha),215
23977,Ashabit Medical Centre,88
23974,Chuka Nursing Home,108
23976,Remitek Medical Center,162
24010,Keeping Alive Societies Hope Dice,318
23973,Gentle Care Dental Clinic,287
23966,St Joel Community Hospital,168
23965,Wilmer Medical Clinic,168
23963,Quintet Medical Centre,150
23967,St.Francis Dispensary Kapenguria,176
23990,Karimamwaro Dispensary,156
23959,Muchege,106
23957,Tudor Medical Clinic,73
23954,Karen Medical Clinic(Ngong),230
23953,Sogle Nursing Home,91
23952,Dandelion Medica Center,220
23960,Supreme Medical Clinic,144
23951,Mugumo Medical Clinic,150
23949,Cuspid Llp Dental Clinic,336
23943,Kabuitu Summit Medicare,99
23942,Al-Rahman Nursing Home,90
23941,Hegalow Nursing Home,90
23940,Twins Medical Clinic Limited,221
23936,Arrow Dental Limited,336
23933,Ndonyo Health Care Clinic,216
23932,Mandera Wellness Centre,90
23931,Kabete Medical And Eye Care Centre(Naivasha),215
24011,Nyakeore Dispensary,318
23929,Benma Healthcare Centre,162
23928,Alif  Medical Centre,335
23922,Medtexas Medical Clinic,168
23927,Silva Community Medical Centre,135
23968,Kakamega Medcare Clinic,249
23919,Beam Healthcare Clinic,127
23918,Joytown  Secondary School Dispensary,161
23917,Gertrudes Children'S Hospital Ruaka,165
23920,Mother Centre Ltd,96
23915,Faith Medical Centre Banana,165
23914,Green Gate Medical Centre,165
23913,Nabil Nursing Home,88
23916,Bliss Gvs Health Care Kimilili,270
23910,Skyteam Medical Clinic,287
23908,Gathima-Ini Dispensary,154
23905,Kimoson Dispensary,240
23904,Wendo Hospital Gatukuyu,159
23902,Bondeni Medical Clinic,54
23901,Bliss Gvs Health Care Diani Ukunda,54
24037,Bliss Gvs Health Care Diani,54
24298,Mwambia`S Medical Clinic,110
23892,Edison Twagiramungu,161
23893,Bridge Medical Clinic,285
23891,Eullopath Healthcare Clinic,124
23890,Gikoe Shepherd,152
23889,Africare Kisumu (Medanta),287
23948,Rongo Bahati Medical Cetre,300
23887,Kibunga Sub-District Hospital,109
23885,Little Balm Medical Centre,287
23883,Makomboki Dispensary,154
23881,Mathareini Dispensary Gok,154
23880,Gatumbi Dispensary Gok,154
23877,Maji Mazuri Medical Facility,146
23875,New Degree Medical Centre,147
23874,Almiraj Mc,81
23873,Centurion Pharmacy Ltd,321
23872,Portal Pharmacy Limited,321
23871,Belladonna Pharmacy Ltd,321
23870,Dan Pharmacy Ltd,321
23869,Tf Mychemist,321
23868,Malibu Pharmacy Ltd,321
23867,Health Aid Chemist,321
23866,Gilead Pharmaceuticals Ltd,321
23864,Malibu Pharmacy Ltd (Moi Avenue),336
23863,Weston Pharmacy Ltd,336
23862,Portal Pharmacy,336
23861,Easton Pharmaceuticals,336
23859,Borncare Medical Center,124
23856,Martina Medical Centre,125
23851,Jafasos Medical Clinic,96
24313,Mikui Disp,108
23850,Access Afya Kiambiu,335
23849,Tsavo Comprehensive Annex Medical Clinic,73
23847,Kimathi Medical Services,150
23846,Relsun Medical Clinic,235
23844,Tudor Health Care Centre,296
23839,Gazi Bay Medical Clinic(Kwale),56
23838,Kyenire Dispensary,113
23837,Mativas  Medical Clinic,293
23836,Medicross Clinic.,289
23833,Nope Sasa Drop - In Centre,125
23831,Mumbuni Roadside Medical Centre,128
23826,Kenya Nut Company Limited - Nando Clinic,160
23824,Eastmed Clinic Naivasha,215
23822,Kamosop Dispensary,220
23820,Oasis Doctors Plaza-Tom Mboya Estate,287
23817,Shamone Uzima Clinic And Pharmacy,220
23816,Ladnan Hospital,89
23814,Salgaa Medical And Diagnostic Centre,220
23813,Ravine Glory Health Services Kabarak,220
23812,Royal Medical Clinic,220
23810,Hapex Manyatta Medical Centre Kisumu,287
23808,Bifna Medical Clinic- Isiolo,96
23806,Delight Medical Centre,167
23805,Supreme Community Medical Services,167
23804,Tuale Dispensary Isiolo,96
23803,Bay Pharm Opd & Optic Clinic,296
23802,Malili Medical Centre,131
23801,Bliss Gvs Health Care  Limited Murang'A,153
23798,Set Kobor Dispensary,220
23790,Kfa Solai Dispensary,220
24163,Rehoboth Maternity And Nursing Home(Annex Kanyonyoo),118
23840,Luuma Dispensary,102
23991,Muiri-Ini Medical Clinic,156
23830,Highway Diagnostic Centre,268
23768,Othaya Jamii Medical Centre,144
23763,Naj Hospital Limited,148
23841,Obomo Medicare Clinic,317
23842,Milimani Medical Centre,297
23734,Moite Dispensary,95
24277,Arge Dispensary,95
23845,Ararat Medical Clinic,270
24511,Mwanainchi Medical Clinic (Angorom),273
23708,Bogota Bag Nursing Home,90
23706,Map Medical Clinic,273
23645,Sobet Healthcare Clinic-Sosiot,239
23724,Karutini Dispensary,109
23679,Thome Medical Clinic,210
23894,Raphica Medical Clinic,125
23574,Kapkut Dispensary,206
23570,Volgas Medical Clinic(Naivasha),215
23566,Hodhan Medical Center,90
23565,Nawal Medical Clinic,90
23562,Bambino C M C,144
24086,Health Choice Medical Clinic,143
23495,Nemusiwa Medical Clinic,264
23494,Skylight Medical Clinic,90
23469,Kipsoit Dispensary,206
23465,Kinyasye Dispensary,130
23403,Bliss Gvs Health Care Center Othaya,144
23398,Langalanga Dispensary,216
24180,Ngolo Dispensary,294
23394,Glofem Medical Clinic,180
23371,Katulani Dispensary - Kbz West,134
23631,Aga Khan Medical Clinic Ruaka,165
23363,Marian Medical And Dental Clinic,155
23657,Bliss Gvs Medical Center,144
23350,Mother And Child Medical Clinic,90
23345,Lengusaka Dispensary,182
23342,Mama Asha Nursing Home,90
23330,Siha Medical Home,66
23333,Tawhed Community,66
23321,Bilbil Dispensary(Tana North),67
23320,Sabukia Dispensary( Tana North),67
23319,Mororo Dispensary,67
23318,Kag  Sombo  Diskagpensary,67
23313,Madina Diagnostic,66
23308,Eastgate Medical Centre,90
23307,Kombosang,205
23306,Maregut,205
24616,Sunrays Medical Clinic,149
23283,Al Manar Nursing Home,90
23272,Lafey Care Nursing Home,90
23267,Kimela Dispensary,114
23265,Mandongoi Dispensary,114
23262,Moi'S. Bridge Medical Centre Likuyani,247
23260,Kannex Medical Clinic,219
23256,Laresoro Dispensary,182
23245,Platinum Healthcare Services Limited,90
23174,Evas Siloam,150
23352,Tangi Tano Dispensary,216
20047,Churo Health Center,204
23136,Mayuge Dispensary,248
24801,Nyaiguta Dispensary,317
23119,Mucuune Dispensary,101
23117,Nephromed Ltd,322
23125,Karii Dispensary,101
23106,Kibisi Medical Services,271
23101,Mwakini Dispensary,118
23096,Tumaini Medical Clinic (Litein),238
23094,Mucharagedispensary,144
23090,Syria Medical Clinic,265
23082,Ulanda Mission Hospital,301
23078,Ulanda Dispensary,301
23075,Kianganda Disp,144
23074,Sagasagik Dispensary,208
23073,Silvercrest Medical Clinic,144
23043,Bamburi Vikwatani Medical Clinic,50
23040,Lvct Health Hurlinghum Dice,322
23023,Nalemkais Dispensary,174
23022,Hike Medical Clinic,50
23020,Kilolo Dispensary,133
23017,Mungyani Dispensary,133
23015,Matheani Disprnsary,133
23012,Ajam Mission Health Centre Kiserin,233
23010,Ajam Mission Health Centre,233
22991,Southgate Medical Centre,89
22987,Nyamagongwe Dispensary,306
22986,Kitbul Dispensary,303
22984,Nyamekoma Dispensary,306
22983,Runda Medical Health Services,161
22981,Taragwiti Dispensary,306
22979,Shiyunzu Dispensary,249
22973,Shirakalu Dispensary,249
22961,St.Ann'S Catholic Dispensary,240
22960,St. Ann'S Catholic Dispensary Kapsorok,240
22959,Yana Dispensary,121
22958,Mwala Dispensary,121
22957,Kyangoto Dispensary,121
22956,Kayang'Ombe,121
22952,St.Ann'S Catholic Dispensary Kapsorok,240
22932,Karumaindo,210
22921,Wama Clinic,230
22917,Naivasha Quality Service Limited(Karagita),215
22897,Avenue Healthcare Clinic Buruburu,334
22894,Community Health Services,152
22892,Root,205
22891,Kapchepkisa,205
22883,St. Akidiva Mindira Clinic - Isibania,306
22882,Highway Medical Clinic Mukuyuni,271
22873,Ngalana Dispensary,131
22872,Atimiros Memorial Hospital,190
22871,Kenya Community Health Clinic Mck Ciothirai,103
22870,Kenya Community Healtj Clinic Mck Ciothirai,103
22864,Mbaru Gok Dispensary,178
22863,Bhesp,330
22858,Scanhealth Radiology Ltd-Kericho,237
22856,Dornaled Community Health Centre And Maternity,327
22854,Hopkins Medical Clinic,327
22848,Uzima Uhai Health Centre,327
22837,Gitura Dispensary,219
22832,Ngalana Dispensary,131
22831,Mwalano Dispensary,131
22830,Kwa Kaluli Dispensary,131
22829,Malili Dispensary,131
22823,Kaseveni Kdispensary,130
22821,Kasunguni Dispensary (Kaiti),132
22820,Kwamukuta Dispensary(Kaiti),132
22819,Syathani Dispensary(Kaiti),132
22816,Kyang'A Dispensary,132
22813,Kwamukuta Dispensary,132
22810,Ratna Medicare Clinic,51
22809,Katsakakairu Dispensary,69
22800,Maisha Maisha Dispensary,69
22799,Maishamash Dispensary,69
22796,Maishamashadispensary,69
22794,Maishamaisha Dispensary,69
22793,Maishamasha Dispensary,69
22792,Maisha Masha Dispensary,69
22787,Kapkoros Dispensary,189
22786,Kapkoros,189
22782,Tassia Hospital,332
22781,Samburu Doctors Plaza Medical Centre,180
22774,Jamii M C,309
22772,Aga Khan University Hosp Mother & Child Clinic,331
22769,Well Living Medical Clinic,331
22765,Bliss Medical Clinic,253
22761,Musenke Dispensary,233
22756,Gift Medicare Clinic,51
22733,Nyakeibore,309
22732,Ekerongo,309
22731,Rionseta,309
22730,Kiaritha Dispensary,150
22729,Mung'Etho Dispensary,149
22728,Karima Dispensary,149
22727,Mucagara Dispensary,148
22726,Mururiini Dispensary,149
22725,Kabuti Dispensary,148
22724,Kiandai Dispensary,148
22723,Kiamwathi Dispensary,148
22722,Kiandangae Dispensary,149
22721,Kianjiru Dispensary,148
22720,Kimweas Dispensary,148
22719,Kiaumbui Dispensary,148
22718,Ngaruh Dispensary,150
22716,Mathia Dispensary,149
22715,Kiamuruga Dispensary,150
22714,Kirindahi Dispensary(Kinyaga),147
22713,Ngothi Dispensary,147
22712,Kirwara Dispensary,147
22708,Ng'Ang'A Dispensary,147
22707,Kamwana Dispensary,148
22706,Ndinduruku Dispensary,147
22705,Matandara Dispensary,147
22699,Nyakeyo,309
22698,Nyangweta,309
22697,Mungu  Dispensary,106
22696,Hertlands Medical Centre,226
22687,Misioi,180
22686,Brightstar Medical Centre,333
22685,Changamwe Dic,48
22680,Africare Limited Eastleigh,335
22669,Elwakana,252
22668,Elwakana Dispensary,252
22659,Riomara,309
22657,Nyakeiboreire,309
22656,Nyagenke Dispensry,309
22654,Nentonai Dispensary,231
22647,Africare Lmt Eastleigh,335
22637,Nyabonge Dispensary,315
22636,Nyabonge,315
22635,Friends Kiamokama Dispensary,313
22634,Keeyani Dispensary,313
22632,Ikorongo Dispensa,313
22630,Freedom Medical Clinic 2,52
22629,Ikorongo Dispensary,313
22627,Ekiendege Dispensary,308
22617,Hope Care Medical Centre,232
22613,Hope Care Medical Centre Kitengela,232
22612,Matasia Health Centre,230
22608,Gidagadi Dispensary,260
22603,Meshinani Dispensary,234
22602,Lemongo Dispensary,234
22593,Kamahuha Medical Clinic,155
22586,Gingo Community Dispensary,299
22576,Nabeki Dispensary Public,184
22550,Sarura Disp,183
22546,Kiptuimet Disp,183
22539,Afya Mashinani  Mc,144
22537,Nyairoko Dispensary,139
22536,Olaimutia Dispensary,139
22534,Charagita Dispensary,139
22527,Kabolet Dispensary,187
22518,Maili Tisa Dispensary,231
22512,Nomorio Dispensary,263
22511,Chemoge Dispensary,263
22510,Kapchebon Dispensary,263
22509,Kongit Dispensary,263
22508,Kaptama Health Centre,263
22507,Radhore Dispensary,297
22494,Radhore,297
22487,Oldonyo Lasho Dispensary,233
22485,Enkisukudo Dispensary,233
22469,Nyagancha Dispensary (Bobasi Sub County),311
22465,Maji Mazuri Dispensary(Bobasi Sub County),311
22459,Nyamware Gioka Dispensary,311
22458,Riobara Dispensary,311
22450,Mosora Dispensary,311
22449,Nyangusu Dispensary,311
22441,Chirobani Dispensary,256
22440,P.C.E.A Ruburi Dispensary (Duplicate),158
22436,Hjhhh,231
22435,Uvaini Disp,122
22414,Equity Afia,161
22411,Equity Afya,161
22388,Obwogre Dispensary,279
22372,Kerugoya Fortis Medical And Cancer Centre,150
22358,Obwogre,279
22353,Kisumu Specialist Hospital (Duplicate),285
22350,Komarock Modern Hospital Utawala (Duplicate),332
22342,Bahati Community Hospital,333
22339,Kerongorori Dispensary,310
22331,Gianchere Teigen,314
22330,Gateway Health Services (Duplicate),160
22328,Mfangano Community Health Centre (Duplicate),298
22326,Kipasi Community Health Centre (Duplicate),298
22318,Talana Specialist Centre (Duplicate),232
22317,Medanta Medical Clinic,230
22315,Rehoboth Medical Clinic (Duplicate3),113
22313,Rehoboth Medical Clinic (Duplicate2),113
22312,Tinashe,113
22309,Murata Medical Cllinic,150
22306,Avenue Healthcare Garden City Clinic,328
22304,Rodi Community Medical Centre,296
22298,Phoenix Healthcare (Duplicate5),98
22297,Phoenix Healthcare (Duplicate4),98
22296,Phoenix Healthcare (Duplicate3),98
22295,Phoenix Healthcare (Duplicate2),98
22294,Phoenix Healthcare (Duplicate),98
22292,Gombe (Duplicate),282
22291,Gombe (South Gem),282
22286,Solunamu Medical Centre (Duplicate),186
22282,Murang'A Health Care Services Limited,153
22280,Wongonyi Dispensary (Duplicate),73
22276,Lenda Dispensary,66
22275,The Oak Health Care (Duplicate),161
22266,Damasa Dispensay,91
22263,Bambo Dispensary (Duplicate),91
22257,Kineni Dispensary (Bosoti/Sengera),312
22227,Kavaini Dispensary,115
22226,Karung'A Dispensary,116
22223,Katumbi Dispensary (Tseikuru),114
22221,Kamayangi Dispensary,114
22219,Nthangani Dispensary,114
22218,Sangoro Dispensary,291
22217,Kasiluni Dispensary,114
22216,Thua Dispensary,114
22213,Kakithya Dispensary,121
22209,Kasarani Dispensary (Kanziku),121
22195,Gitero Dispensary,146
22187,Kaatene Dispensary,121
22186,Mwathe  Dispensary,121
22184,Ngatie Dispensary,121
22180,Meeting Point Cns,146
22179,Thunguma Dispensary,146
22158,Kiabugesi Dispensary,310
22132,Kiango Dispensary,310
22130,Igorera Dispensary,310
22129,Riogachi Dispensary,310
22127,Yemulwa Dispensary,133
22100,Ndiine Dispensary,103
22098,Elwak Cottage Nursing Home,89
22093,Oruba Dispensary,303
22092,Magacha Dispensary,303
22067,Lopuski Dispensary,171
22063,Kosawo Dispensary,287
22004,Nawountos Dispensary,171
22001,Lokwar Dispensary (Turkana South),174
21976,Ruiga Dispensary,105
21975,Chaaria Dispensary,105
21974,Runywene Dispensary,105
21973,Kinjo Dispensary,105
21946,Gozani Dispensary,57
21945,Dumbule Dispensary,57
21942,Mwaimwai Community Dispensary,263
21891,Ingolomosio Dispensary,256
21882,Verdramin Catholic Dispensary,230
21826,Mudey Dispensary,75
21823,Ashadin Dispensary,75
21770,Uvaini Dispensary,122
21741,Adungosi Medical Clinic,273
21740,Nyeri County Beyond Zero Clinic,146
21737,Sitikho Dispensary (Duplicate),269
21731,Buspack Ent,161
21710,Community Action Network Of Africa (Cana),185
21695,Imakuyi Dispensary,256
21654,Evans Medical Clinic (Duplicate),292
21440,Ivutini Dispensary,128
21436,Remedy Medical Centre,124
21429,Rukuriri Dispensary,111
21427,Samjomen Maternity And Nursing Home,306
21419,Ngimuriae Dispensary,172
21418,Lokwar Dispensary (Turkana Central),172
21397,Glory Medical Clinic(Nyandarua),139
21361,Lomuyenakwaan Dispensary,175
21338,Oropoi Medicare Limited,171
21331,Lomeleku Dispensary,174
21324,Kamiruri  Dispensery,140
21315,Lotubae Dispensary,175
21285,Githabai Dispensary,136
21280,Kariguini Dispensary,211
21279,Muhonia Dispensary,211
21277,Pamoja Medical Centre,280
21275,Neema Medical Clinic (Kieni West),139
21274,Medicure Medical Clinic,148
21258,Mbita Dispensary,57
21257,Mkanyeni Dispensary,64
21249,Githuci Dispesary,212
21236,Angola Community Dispensary,285
21222,The Ultimate Holistic,142
21189,Gatwekera B(Olympic),332
21134,St Peter'S Aipca,99
21133,Nairenke Dispensary,226
21132,Olepolos Dispensary Narok North,226
21131,Enoombarbali Dispensary,227
21130,Enooseyia Dispensary,227
21126,Saire Dispensary,228
21097,Kiletien Dispensary,191
21096,Keringet Dispensary,209
21095,Kapsegut Dispensary,240
21093,Kapcheptoror Dispensary,237
21092,Maso Dispensary,237
21089,Ivochio Dispensary,256
21075,Barquqe Dispensary,76
21074,Dalaheley Dispensary,76
21073,Hagarjarir Dispensary,76
21072,Skanska Dispensary,76
21065,Nasal Dispensary,178
21061,Benga Dispensary,276
21060,Neela Dispensary,276
21043,Shivakala Dispensary,248
21038,Khwisero Beyond Zero Mobile Clinic,255
21030,Butere Beyond Zero Mobile Clinic,254
21003,Nyeri County Beyond Zero Clinic (Duplicate),212
21002,Kitui County Beyond Zero Campaign Kbz 544Y,119
20999,Ulu Dispensary,131
20998,Kalanzoni Dispensary,131
20995,Yikivuthi Dispensary,135
20988,Kathuma Dispensary,133
20983,Ivinga Nzia Dispensary,133
20982,Mutula Health Clinic,133
20978,Kiveetyo Dispensary,130
20970,Mutulani Dispensary(Kaiti),132
20967,Wautu Dispensary,132
20958,Labline Healthcare,51
20952,Gathaithi Nyeri Dispensary,212
20943,Mission Of Hope International Medical Centre,127
20941,Chepkosilen Dispensary,239
20939,I Choose Life Africa Bomet Vct,238
20934,Tumaini Sondu Dice,291
20925,Peja Healthcare Center,110
20899,Kwa Amutei Dispensary,120
20898,Munyuni Dispensary,120
20897,Matundu Dispensary,120
20896,Nzanzu  Dispensary,120
20895,Kyuukuni Dispensary,120
20894,Makuka Dispensary,120
20893,Twambui Dispensary,120
20892,Katumbi  Dispensary (Endau/Malalani),120
20891,Kasangu Dispensary,120
20889,Kalole Dispensary,114
20888,Kawala Dispensary,116
20879,Kaliwa Dispensary,114
20878,Kavaani Dispensary,114
20877,Siveta Dispensary,97
20876,Kanzinwa Dispensary,114
20875,Maseki  Dispensary - Mwingi North.,114
20873,Kipranye Dispensary,240
20872,Chelosgei Dispensary,240
20867,Iwam Medical Clinic,139
20866,Marina Medical Clinic,139
20852,Miiri Community Dispensary,180
20849,Biliqi Sericho Dispensary,97
20848,African Muslim Agency Dispensary,97
20837,Tombo Dispensary,248
20833,Niwe Medical Clinic,254
20809,Kanthuni Dispensary,133
20808,Kathamboni Dispensary,133
20807,Muthungue Dispensary (Kibwezi East),135
20771,Kambi Ya Waya Dispensary,80
20770,Tamarukwa Dispensary,176
20767,Elkambere Dispensary,79
20766,Marre Dispensary,79
20765,Logetei Dispensary,181
20763,Market Medical Clinic,234
20760,Garabey Dispensary,79
20759,Lekeri Dispensary,181
20758,Lorrok Onyikie Dispensary,181
20754,Loonjorin Dispensary,181
20753,Anderi Dispensary,181
20747,Marte  Elepareu  Dispensary,182
20745,Remot Dispensary,182
20744,Lmarmaroi Dispensary,182
20743,Lolkuniyani  Dispensary,182
20732,Kalyambeu Dispensary,129
20731,Sirimon Dispensary,104
20724,Salalma Dispensary,85
20721,Lolkunono Dispensary,180
20720,Logorate Dispensary,180
20719,Lolgese Dispensary,180
20718,Naiborkeju Dispensary,180
20717,Lkiloriti Dispensary,180
20715,Haraka Dispensary,136
20710,Halane Dispensary,81
20681,Simbol Dispensary,177
20680,Tikit Dispensary,177
20664,Elias Medical Clinic,160
20662,Ngawuni  Dispensary,121
20661,Kalivu Dispensary,121
20659,Katulu Dispensary,121
20658,Mukua Nima Dispensary,121
20656,Ngwate Dispensary,121
20643,Gituamba Mathore Dispensary,169
20640,Rapha Clinic,133
20632,Eclipse Medical Centre,51
20629,Pinnacle Flyover Hospital,136
20626,Gatwikira B Community Clinic(Bz),325
20602,Aids Healthcare Foundation Eastleigh,335
20601,Balla Dispensary,95
20600,Burri Aramia,95
20591,Kianjuri Dispensary,103
20579,Kaliani Dispensary,121
20565,Olkaria Community Health Centre(Naivasha),215
20535,Kiptenden Bomet Dispensary,239
20534,Njerian Dispensary,239
20530,Newlight Medical Centre(Dandora),330
20528,Nezel Medical Centre Njiru,180
20522,Maikona Health Centre,93
20482,Modesty Medical Centre,147
20481,Akorian Dispensary,205
20455,Ngaina Dispensary,204
20431,Sirende Friends Dispensary,186
20429,Ngungi Dispensary,120
20428,Masasini  Dispensary,120
20424,Kilonzo Dispensary,120
20422,Kalulu Dispensary,120
20420,Sooma Dispensary,119
20418,Kathini Dispensary,119
20416,Kanzaw'U Dispensary,120
20415,Kisyoka Dispensary,119
20414,Masoka Dispensary,118
20413,Kisekini Dispensary,119
20412,Kwa Mutei Dispensary,120
20391,Sagana State Lodge Dispensary,142
20363,Mathow,83
20357,Adenawale Dispensaty,83
20354,Nep Technical Training Institute Dispensary,74
20311,Karindundu Dispensary,142
20306,Mukameni Dispensary,118
20294,Kiamanyomba Dispensary,319
20251,Sam-Evan Medical Clinic,221
20229,Helna Medical Clinic,210
20218,Kanyoni Community Dispensary,159
20206,Bar Hostess Empowerment And Support Programme (Makadara),334
20193,Kisukioni Dispensary,125
20185,Terry G Medical Clinic,223
20183,Kibera Community Self Help Program - Migori,303
20175,Virhembe Nursing Home,256
20174,Vikunga Dispensary,256
20166,Ngiini Dispensary Kathiani,126
20154,Centre Medical Clinic,223
20152,Ojwando Dispensary,294
20150,Chemobo Dispensary,199
20149,Chepkurngung Dispensary,199
20141,Kenyenya Health Centre (Nyamira),318
20138,Menengai Dispensary,223
20137,Rhonda Health Centre,222
20130,Kimeeni Dispensary,130
20127,Ndauni Dispensary,130
20085,Ocean Breeze Medical Facilty,51
20032,Mithikwani Dispensary,117
20031,Kilimu Dispensary,117
20025,Ndenderu Dispensary,165
19989,Kamwega Dispensary,203
19944,Mwanyani/Malili Dispensary (Kitui Central),119
19943,Waluku Dispensary,119
19935,Kisovo Dispensary,115
19934,Ithumbi Dispensary,116
19932,Mutonya Dispensary,162
19918,Gaichanjiru Hospital (Satelite),155
19898,Frontier Health Services Malaba,272
19886,Frontier Health Services- (Malaba),272
19854,X-Ray Screening Centre,146
19853,Peace Medical Clinic-Tetu,141
19846,Amani Mc (Matisi),185
19838,Matches Medical Clinc,136
19812,Christ Mary Anne Clinic,311
19798,Danama Medical Clinic,136
19790,Kinamba Medical Clinic,136
19788,Biotisho Ang' Medical Clinic,180
19780,Dr Kibe Clinic,146
19773,Nyeri Endoscopy & Surgicare Centre,146
19772,Chania Optical,146
19753,Perazim Diagnostic Centre,185
19748,Alpha Dental Services,185
19740,Kasarani Dispensary (Malewa West),216
19737,Mulot Vct,229
19734,Kapsagawat Dispensary,199
19711,Warazo Jet Catholic Dispensary,142
19705,Maru A Pula Medical Clinic,143
19681,Kiminini Medical Centre & Laboratory,186
19680,Kiminini Pag Vct,186
19660,Arara Ent Clinic (Duplicate),185
19659,Mana Medical Clinic,186
19655,St Marks Hospital,164
19650,Luisoi Medical Clinic,142
19649,Hope Medical Clinic Yatta,123
19627,Umoja Medical Clinic- Bombolulu,51
19623,Kinga Medical Clinic (Dandora),333
19619,Good Neighbours Medical Clinic (Dandora),330
19601,Baraka Yetu Medical Clinic,119
19595,Kiawakara Dispensary,150
19588,Dr Fatema,321
19587,Dr M B Pancholi,321
19584,Dr Asmeeta Patel,321
19583,Dr Sajay,321
19581,Dr Ahmed Parker,321
19579,Dr Sc Patel,321
19577,Dr Chimney Olende,321
19549,Dr Adbda F Khan,321
19533,Marfra Medical Clinic,321
19532,Dr Barads Clinic,321
19523,Psychological Health Services,321
19518,Dentmint Dental Centre,334
19516,Dhs Ghataura,321
19507,Upendo Medical Clinic,321
19502,X Press Medical Clinic,321
19501,Dr Minesh Shah Dental Surgeon,321
19495,Riverside Medical Centre,322
19493,Medical Link Integrated Health Program,329
19464,Aga Khan Reinsurance Plaza Lab,336
19417,Kwa Kulu Dispensary,161
19414,Maiuni Dispensary,123
19402,Imani Medical Centre,326
19390,Kibonze Dispenary,199
19383,Hillview Park Medical Clinic,209
19368,Siksik Dispensary,199
19365,Masombor Community Dispensary,199
19364,Kibongwa Dispensary,198
19363,Kesogon Dispensary,199
19362,Kereri Dispensary,199
19361,Kapsoiyo Dispensary,199
19360,Enego Dispensary,199
19352,Samburu Medical Centre (Outreach Services),180
19350,Mworoga Dispensary,107
19349,Kiboko Medical Clinic,134
19342,Snocx Medical Clinic,259
19341,Majve Medical Clinic,259
19340,Kisangula Medical Clinic,259
19339,Chamamo Medical Clinic,259
19337,Karero Pcea Dispensary,231
19326,Nduri-Sarma Dispensary,199
19321,Alpha Medical Clinic (Koibatek),209
19317,Mukuuni Community Unit,108
19309,Mugirirwa Community Unit,108
19307,Kathatwa Community Unit,108
19305,Kirege Community Unit,108
19292,Universal Medical Clinic (Samburu),180
19291,Kisima Community Medical Clinic,180
19272,Elwak Health Centre,89
19124,Gatune Clinic,105
19120,Glory Medical Clinic (Kitui Central),119
19108,Imbirikani Dispensary,234
19107,Makongoni Dispensary,121
19066,The Nyali Childrens Hospital (Mikindani),49
19061,Tawakal Medical Clinic And Laboratory Services,79
19026,Salvage Medical Clinic,231
19000,Al-Anasar Medical Clinic,74
18993,Isinet Medical Clinic,234
18986,Jamii Health Services (Chogoria),107
18964,Leah Njoki Ndegwa Dispensary,153
18963,Mukerenju Dispensary,154
18955,Riflot Medical Clinic,49
18940,Eshibimbi Health Centre,254
18929,Kurungu Dispensary,95
18920,Hakuna Matata Medical Clinic,128
18905,Kitui Afya Medical,119
18900,Neema Medical Clinic (Kitui Central),119
18822,Redeemed Gospel Church Vct,108
18808,Ibrahim Ure Dispensary,85
18787,Bonjoge Disabled Group,199
18768,Kasang'U Dispensary,120
18763,Pcea Kuwinda Health Clinic,324
18759,Shibanga Medical Clinic,254
18752,Mitume Dispensary,185
18750,Brown'S Memorial Medical Centre,186
18724,Dr Kiara Medical Clinic(Copy),104
18722,Radienya Dispensary,291
18718,Amani Medical Clinic (Ntima East),103
18706,Meru Lab Services (Duplicate),103
18700,Meru Diagnostic Centre (Duplicate),103
18697,Friend'S Chemist,103
18694,Kithoka Chemist,103
18693,Johani Chemist (Ntima East),103
18692,Mmak'S Homecare Pharmacy (Duplicate),103
18687,Kanzauwu Dispensary,120
18685,Kasungui Dispensary,120
18684,Itiko Dispensary,120
18683,Kikuu Dispensary,120
18682,Kwa-Amutei Dispensary,120
18681,Makongo Dispensary,120
18680,Itangani Dispensary,120
18679,Manyoeni Dispensary,120
18678,Kiongwe Dispensary,120
18677,Yoonye Dispensary,120
18674,Kyango Dispensary,120
18656,Daima Chemist,104
18654,Hope Medical Laboratory (Duplicate),104
18649,Meru Medicare Stores,103
18646,Thuura Health Care (Duplicate),103
18644,Khaburu Chemist,103
18642,Roni Pharmacy,103
18641,Kagoji Chemist,103
18638,East End Chemist,103
18636,Theluji Pharmacy Ltd,103
18627,Angelic Medical Centre,164
18587,Keringet Youth Friendly Centre,217
18586,Iluvya Dispenasary,128
18533,Legacy Medical Centre,186
18513,Kamanyi Dispensary,119
18510,Ngomoni Dispensary,119
18494,Pcea Silanga Church Vct,324
18487,Malkamari Health Centre (Duplicate),87
18479,Kaliluni (Aic) Dispensary,126
18466,Laboret Dispensary,203
18458,Eymole Health Centre (Duplicate),87
18341,Good Samaritan With A Vision (Machakos),128
18262,Mwala Medical Clinic,128
18249,Kilimanjaro Medical Clinic,140
18248,St Mary'S Dispensary,122
18241,Good Samaritan Medical Clinic,168
18237,Salama Medical Clinic (Embu),110
18235,Leysanyu Dispensary,80
18231,Morongiot Dispensary,199
18213,Gurunanak Medical Clinic,53
18209,Kapsiw Dispensary,195
18206,Yatoi,195
18194,Rongai Orthopaedic Medical Services,230
18193,Utugi Medical Clinic Kitengela,232
18181,Quality Of Life Medical Clinic,162
18167,Mmak,334
18163,Kericho Youth Centre,237
18161,Bahati Medical Clinic (Lugari),246
18160,Mars Medical Clinic,132
18158,Kasimba Medical Clinic,132
18157,Kmc Dispensary,127
18155,Fanaka Medical Centre,127
18153,Kimutwa Medical Clinic-Athi River,128
18152,East Africa Portland Cement Company Clinic,127
18149,Kibirichia Medical Clinic,104
18130,Nehemah Clinic,217
18117,Wananchi Medical Clinic (Mwingi),116
18112,Tanganyika Medical Clinic,267
18109,Tuungane,280
18078,Ogando Dispensary,298
18074,Bosto Dispensary,245
18060,Njawa Med Clinic,155
18058,Tewa Medical Clinic,156
18057,St Elizabeth Lwak Mission Annex Clinic (Rarieda),284
18055,Msomi Complex Medical Clinic,303
18042,Lukim Medical Clinic,51
18026,Likii River Farm Dispensary,211
18025,Nayrus Medical Clinic,53
18016,Tudor Nursing Home,53
17984,Holy Transfiguration Orthodox Health Centre,167
17976,Mbaruk-Echareria Dispensary,216
17972,Glaisa Medical Clinic,139
17965,Malindi Care Service Limited,64
17908,Favour Primary Health Care,127
17907,Kanco,127
17875,Ack Mbiri Dispensary,148
17864,Skans Healthcare Centre (Likoni),52
17858,Sirikwa Health Centre,218
17820,Wagalla Health Centre (Duplicate),83
17809,Sopa Lodge Dispensary,182
17808,Kapkesembe Dispensary,241
17806,Reliance Medical Clinic,180
17805,Olooltoto Dispensary,226
17799,Ololua Dispensary,230
17788,Umash Funeral Home (Lang'Ata),325
17775,Stella Maris Dispensary,57
17773,Namunyak Dispensary,234
17761,Shelly Medical Clinic,52
17754,Mountain View Clinic,150
17743,Wajir Girls Dispensary,81
17734,Mamu Medical Clinic,302
17664,Liverpool Vct (Machakos),128
17625,Mombasa Hiv Clinic,53
17623,Kisauni Drop In Vct,50
17588,Kargeno Vct,294
17573,Chaka Health Services Clinic,146
17562,Care Medical Clinic (Munyaka),136
17558,Ngothi Mc,136
17556,Merciful International Guild,136
17555,Leereshwa,137
17547,Pcea Vct,215
17526,Nguge Dispensary,282
17509,0,216
17505,Yanja Medical Clinic,267
17500,Mercal Healthcare Bukembe,267
17497,Our Lady Of Mercy Dispensary,136
17495,Amani Medical Clinic Murungaru,136
17493,Amani Mc Githabai,136
17482,Mbyani Catholic Dispensary,131
17471,Vyemani Medical Clinic,53
17465,Ndubeneti Dispensary,201
17461,Gerille Health Centre,85
17459,Courtesy Cbs,324
17457,Entargeeti Dispensary,224
17422,St Knights Medical Clinic,325
17419,Dsc Karen Dispensary (Armed Forces) (Duplicate),324
17416,Kimuri Disp,192
17415,Consolata Medical Clinic,192
17413,St Veronica Clinic,192
17382,Kathelwa Dispensary,99
17374,Shauri Dispensary,139
17367,Njeruri Dispensary,111
17361,Leberio Dispensary,192
17350,Sirata Dispensary,207
17349,Nyimbei Dispensary,207
17348,Lamaiwe Dispensary,210
17341,Kitere  Dispensary,300
17326,Narolong Dispensary,224
17323,Mogor Dispensary,225
17315,Telanet,237
17306,Katipanga,145
17294,Kapsangaru Dispensary,244
17280,Nairimirimo Dispensary,182
17279,Masikita Dispensary,181
17264,Nyanduma Dispensary,169
17259,Gitithia Dispensary,169
17258,Kianda Dispensary,98
17236,Genesis Medical Clinic,117
17228,Burmayo Dispensary,89
17227,Nkando Dispensary,104
17225,Kithithina Dispensary,104
17224,Gankere Dispensary,103
17223,Chabuene Dispensary,103
17188,Lkuroto Dispensary,180
17159,Kesot Dispensary,176
17000,Kihuri Dispensary,144
16990,Nyansabakwa Health Centre,318
16834,Sinai Medical Clinic,105
16817,St John Catholic Dispensary (Nyeri North),143
16851,Highland Clinic,105
16844,Kathiranga Medical Clinic,105
16830,Mitethia Medical Clinic,105
16837,Josca Medical Centre & Laboratory,105
16850,Neki Medical Clinic,105
16848,Mutethia Medical Clinic (Imenti Central),105
16846,Kinjo Medical Clinic,105
10689,Marewa Medical Centre And Maternity,139
10949,Purity Medical Clinic,143
10930,Peoples Clinic,143
11334,Dr Kandwalla Clinic,53
16302,Metameta Clinic,90
11318,Dr Dhanji Clinic,53
16398,Kimugul Dispensary,214
16771,Ndisi Dispensary,297
16767,Oridi Dispensary,297
13823,Mosque Dispensary,287
10583,Kiganjo Medical Care Clinic,146
16702,Kadokong Dispensary,176
13454,Wananchi Medical Clinic (Garissa),74
11052,St Mary Health Clinic,143
16478,Nabuganda Dispensary,277
14577,Ipcc Kaimosi Dispensary,202
11301,Delta Medical Clinic,48
16294,Alnas Medical Clinic,90
10314,Heshima Medical Clinic,143
10866,Ngewa Medical Clinic,139
11089,Thaara Medical Clinic,145
11015,Soldier Medical Clinic,142
16300,Rowla Medical Clinic,90
12020,Fr Meru Dispensary,103
13166,Ronil Medical Clinic (Githurai),326
16705,Psigirio Dispensary,176
10327,Hope Medical Clinic (Nyeri North),143
15341,Ngatha Medical Clinic,223
11747,Queen Kadede Medical Clinic,50
10720,Mercy Medical Clinic (Kandara),142
12633,Naisura Medical Clinic,127
11073,St Triza Medical Clinic,159
15671,Star Medical Clinic,222
10596,Kihugiru Maternity Disp,144
11146,Victors Medical Clinic,143
10542,Kiamuiru Medical Clinic,146
10847,Neno Clinic,147
16479,Wakhungu Dispensary,277
10543,Kiamuthambi Medical Clinic,149
10923,Our Choice Medical Clinic,143
10005,Afya B Clinic (Kibirigwi),149
10933,Pharma Point Clinic,148
10525,Kerugoya Medical Laboratory,150
11023,St Ann Lioki Dispensary,164
14571,Imbirikani Aid Village Clinic,234
11079,Sunny Medical Clinic (Nyeri North),143
10868,Ngiriambu (Ack) Dispensary,148
16295,Rainbow Medical Clinic,90
15517,Salabani Dispensary,207
10802,Mutungus Medical Clinic,143
11147,Victory Medical Clinic,142
10544,Kiamutugu Clinic,148
10954,Reality Medical Clinic,143
12821,Ukasi Dispensary,116
16501,Kamugunda Laboratory,148
10600,Kihuti Orthodox Clinic,145
10713,Mbiriri Catholic Dispensary,142
16426,Pelewa Dispensary,231
15867,Ebusyubi Dispensary,261
11179,Wega Medical Clinic,146
10362,Itundu Medical Clinic,143
15679,Subuku Dispensary (Molo),214
10065,Bethsaida Clinic (Kirinyaga-Thiba),147
11159,Wama Medical Clinic (Kiganjo),146
10365,Jairus Kariuki Medical Clinic,147
10885,Njukini Clinic,147
10964,Rospa Glory Clinic,147
10929,Pekaru Medical Centre,149
11222,Ansar Medical Clinic,49
10030,Ann Mwaniki Clinic,147
10503,Karumandi Clinic,148
10381,Joy Medical Clinic (Thunguma),146
10985,Rware Clinic,146
10631,Kirimara Clinic,147
10282,Gitunduti Catholic Dispensary,143
11322,Dr F Mwende Clinic,53
16196,Kinyadu Dispensary,65
10510,Kavote Clinic,148
10159,Ebenezer Medical Clinic (Nyeri North),143
10648,Kutus Mjini Clinic,147
10315,Heshma Clinic,148
16703,Kanglikwan Dispensary,176
11165,Wananchi Clinic,317
16372,Kamla Bamako Initiative Dispensary,178
10650,Kutus Town Medical Laboratory,147
11100,Thumaita (Ack) Dispensary,148
16381,Sisioni (Kiambogo) Dispensary,215
10295,Good Hope Medical Clinic,143
11116,Tumaini Clinic (Mwea),147
10299,Good Shepherd Medical Clinic (Nyeri South),146
10346,Imani Clinic (Kirinyaga),149
11551,Makupa Maternity & Nursing Home,53
15952,Kipsigon (Fgc) Health Centre,263
10343,Ihwagi Medical Clinic,143
12766,St Michael (Miaani) Mission Dispensary,128
10716,Medical Centre Clinic,143
11978,Courtesy Community Based Health Services,127
10046,Baragwi Maternity Home,148
11096,Thika Medical Clinic Ent,161
10192,Gachatha Medical Clinic (Nyeri South),146
10891,Nyahururu Private Hospital,139
16510,Tana Diagnostic Laboratory,142
10116,Dr A P Gupta Radiological Clinic,146
10579,Kids Alive Dispensary,142
10196,Gachika Orthodox Medical Clinic,146
13375,Jamii Nursing Home,90
15670,St Victors Medical Clinic,230
10719,Medical Training College (Nyeri),144
10694,Martha Medical Clinic,143
16429,Olenarau Dispensary,231
11163,Wami Clinic,148
15336,Ngambo Dispensary,207
16155,Upendo Clinic (Navakholo),250
12088,Imani Health Care (Machakos),128
10701,Masa Medical Clinic (Kirinyaga),149
16480,Kabuodo Dispensary,277
10669,Magutu (Pcea) Dispensary,143
14543,Health For All (Ack) Clinic,231
10300,Goodwill Clinic,149
10724,Micheus Clinic,149
16770,Lwanda Awiti Dispensary,297
16248,St Joseph'S Dispensary (Machakos),128
10024,Amani Clinic,143
11062,St Davis Mc,144
10549,Kiandai Clinic,148
10958,Riverside Clinic,146
12555,Mugwee Clinic,109
10094,Christian Mercy Clinic,148
12788,Tefran Community Clinic,127
10366,Jamaica Medical Clinic,141
12834,Utulivu Clinic,110
16195,Kulesa Dispensary,65
10492,Kareri Medical Clinic,143
10336,Ideal Medical Clinic (Nyeri North),143
16530,Al-Bir Medical Centre,53
10942,Police Line Dispensary (Nyeri South),146
10134,Dr Macharia,161
11692,Mwanzo Medical Clinic,59
11697,Mwembe Tayari Dispensary,53
12329,Kionyo Medical Clinic,106
13273,Al-Ansar Clinic,74
11827,St Valentine Medical Clinic,48
15257,Murkwijit Dipensary,176
15868,Ekamanji Dispensary,261
13462,Akidiva Clinic,306
10889,Nyahururu Catholic Dispensary,139
12940,Family Health Options Ribeiro,336
10645,Kugeria Cbo Project,147
10230,Gatugura Medical Clinic,148
11335,Dr Karima Clinic,53
10025,Amani Clinic (Kamugunda),150
10663,Little Flower Dispensary,146
16299,Al-Ansar Medical Clinic,90
12133,Kajuki Mission Dispensary,108
12702,Pole Medical Clinic,125
11107,Tinganga (Pcea) Dispensary,164
10056,Bennedict Xvi Dispensary,139
12776,Stone Athi Medical Clinic,127
12785,Tana Medical Clinic (Machakos),127
12862,Aar Kariobangi Clinic,327
11910,Yakarah Medical,52
11082,Taifa Clinic Riakiania,149
16494,Cry For The World Clinic,149
12356,Kithima (Abc) Dispensary,128
13197,St Ann'S Clinic,331
11333,Dr Kamande Clinic,53
10045,Baragwi Maternity Outreach Clinic Kamwana,148
10811,Mweiga Rural Health Clinic,142
11329,Dr J B Wasuna,53
10896,Nyeri (Islamic Foundation) Clinic,146
12318,Kimutwa Medical Clinic,127
10502,Karumandi Afya Bora Medical Clinic,148
12554,Muguna Medical Clinic,106
10457,Kamweti Clinic,148
12043,Gitine Medical Clinic,105
13400,Malkagufu Dispensary,80
10548,Kiandai (Ack) Dispensary,148
11407,Gweno Medical Clinic,52
12382,Konyo Medical Clinic,106
14732,Kapkures Dispensary (Baringo),207
13444,Sunnah Medical Clinic (Garissa),90
16251,Kathome Medical Clinic,128
11185,Witima Catholic Dispensary,144
10309,Health Scope Clinic (Kirinyaga),149
10649,Kutus South Clinic (Kirinyaga),147
12401,Kwitu Medical Clinic,125
11575,Mashauri Medical Centre,51
16183,Chalani Medical Clinic,60
16493,Baragwi Medical Clinic,148
10163,Edward Nyaga Clinic,147
13254,Weider Vct,325
11690,Mwangaza Medical Clinic (Mombasa),53
10330,Lagaads Coffee Estate Dispensary,139
11056,St Mary'S Catholic Dispensary (Olkalau),138
10789,Mutethia Medical Clinic (Nyeri South),146
12016,Family Health Clinic,106
12017,Family Medical Clinic (Machakos),127
11312,Dr Ambeva Clinic,53
12254,Kauri Medical Clinic,106
16609,Meru Medical Stores,103
11355,Dr Sirdesh Jari Clinic,53
10560,Kiangwachi Medical Clinic,149
11316,Dr Chamia Clinic,53
16772,Marie Stopes Clinic (Nyeri South),144
15162,Maximum Medical Services,214
16779,Rafiki Medical Clinic,145
15006,Lalwet Dispensary,222
14488,Faith Medical Clinic (Illasit),234
11993,East Way Medical Clinic,127
10326,Hope Medical Clinic (Maragua),144
16396,Mwigito Dispensary,214
16276,Ogwedhi Sigawa Dispensary,224
11228,Ashton Iii Apparels,48
14566,Ilkisanjani Medical Clinic,234
11460,Kenya Petroleum Refinery Ltd Medical Clinic,48
16249,Chriswin Medical Clinic Delete,128
11338,Dr Kirima Clinic,53
10736,Mr Ndinwa Clinic,148
11310,Dr Aa Kibwana Clinic,53
11157,Wakagori Medicalclinic,143
16056,Mwasi Med Clinc,250
16495,Glory Child & Family Wellness Clinic,148
11426,Jamhuri Medical Clinic,48
14202,Amos Medical Clinic,221
10909,Ol Jabet Medical Clinic,139
16374,Kiwawa (Acck) Dispensary,178
11814,St Emmanuel Medical Clinic,48
10026,Amani Medical Clinic (Nyeri North),142
10456,Kamwangi Health Services,159
11357,Dr Yossa Clinic,53
11363,Eden Medical Clinic,49
11616,Miranga Medical Clinic,48
12515,Meru Childrens Clinic,103
11269,Camp David Medical Clinic,48
13032,Kikoshep K Vct,325
14406,Dr Arthur (Pcea) Dispensary,223
12640,Neema (Midus) Medical Clinic,129
11328,Dr Hassannali Clinic,53
11331,Dr K K Vora Clinic,53
11128,Turuturu Medical Clinic,142
16454,Jirwani Dispensary,260
12920,Donholm Medical Clinic,332
11257,Bombolulu Medical Centre,51
13164,Ribeiro Clinic,336
10743,Muchagara Clinic,148
13602,Hema Clinic,317
11114,Tumaini Catholic Dispensary,138
10376,Jesmond Laboratory,148
10913,Olive Medical Clinic,139
12400,Kwamwaura Medical Clinic,125
13309,Bolimoog Clinic,74
14252,Bethsaida Medical Clinic (Loitoktok),234
10593,Kihora Medical Clinic,141
11275,Chaani Maternity Nursing Home,48
12112,Jordan Medical Clinic (Kitui),119
10012,Afya Medical Clinic (Kibingoti),149
12497,Mbale Medical Clinic,125
11327,Dr Gupta Clinic,53
11142,Uzima Gatwe Clinic,150
15302,Namunyak Healthcare Clinic,234
11340,Dr Makesha Clinic,53
13291,Arbajahan Health Centre,83
11391,Gift Medical Clinic,48
